cluster_id,cluster_size,n_records,n_pro,n_con,first_seen,last_seen,time_span_minutes,support_n,evidence_tier,primary_explanation,secondary_explanation,score,is_low_power,caveat_flags,evidence_kinds
cluster_0001,13,15,5,10,2026-02-03T18:55:00-08:00,2026-02-06T10:59:00-08:00,3844.0,15,watch,potential_manipulation,none,0.54375,True,"[""heuristic_only"", ""low_power"", ""low_support_n""]","[""heuristic""]"
cluster_0500,2,56,0,56,2026-02-04T15:27:00-08:00,2026-02-05T15:28:00-08:00,1441.0,56,watch,potential_manipulation,none,0.4192307692307692,False,"[""heuristic_only""]","[""heuristic""]"
cluster_0002,9,14,0,14,2026-02-03T19:34:00-08:00,2026-02-06T12:02:00-08:00,3868.0,14,watch,potential_manipulation,none,0.39903846153846156,True,"[""heuristic_only"", ""low_power"", ""low_support_n""]","[""heuristic""]"
cluster_0003,8,17,2,15,2026-02-03T19:40:00-08:00,2026-02-06T08:09:00-08:00,3629.0,17,watch,potential_manipulation,none,0.3831730769230769,True,"[""heuristic_only"", ""low_power"", ""low_support_n""]","[""heuristic""]"
cluster_0111,3,3,0,3,2026-02-05T19:16:00-08:00,2026-02-05T20:21:00-08:00,65.0,3,watch,potential_manipulation,none,0.31356837606837606,True,"[""heuristic_only"", ""low_power"", ""low_support_n""]","[""heuristic""]"
cluster_0007,6,16,4,11,2026-02-03T20:52:00-08:00,2026-02-06T11:15:00-08:00,3743.0,16,watch,potential_manipulation,none,0.3076923076923077,True,"[""heuristic_only"", ""low_power"", ""low_support_n""]","[""heuristic""]"
cluster_0122,3,3,0,3,2026-02-04T19:20:00-08:00,2026-02-04T21:16:00-08:00,116.0,3,watch,potential_manipulation,none,0.30648504273504273,True,"[""heuristic_only"", ""low_power"", ""low_support_n""]","[""heuristic""]"
cluster_0004,7,8,0,8,2026-02-04T20:48:00-08:00,2026-02-06T11:50:00-08:00,2342.0,8,watch,potential_manipulation,none,0.2923076923076923,True,"[""heuristic_only"", ""low_power"", ""low_support_n""]","[""heuristic""]"
cluster_0548,2,3,0,3,2026-02-06T12:16:00-08:00,2026-02-06T12:22:00-08:00,6.0,3,watch,potential_manipulation,none,0.2871474358974359,True,"[""heuristic_only"", ""low_power"", ""low_support_n""]","[""heuristic""]"
cluster_0790,2,2,0,2,2026-02-04T19:46:00-08:00,2026-02-04T19:46:00-08:00,0.0,2,watch,potential_manipulation,none,0.28173076923076923,True,"[""heuristic_only"", ""low_power"", ""low_support_n""]","[""heuristic""]"
cluster_0878,2,2,0,2,2026-02-04T10:04:00-08:00,2026-02-04T10:04:00-08:00,0.0,2,watch,potential_manipulation,none,0.28173076923076923,True,"[""heuristic_only"", ""low_power"", ""low_support_n""]","[""heuristic""]"
cluster_0257,2,2,0,2,2026-02-06T09:25:00-08:00,2026-02-06T09:26:00-08:00,1.0,2,watch,potential_manipulation,none,0.2815918803418804,True,"[""heuristic_only"", ""low_power"", ""low_support_n""]","[""heuristic""]"
cluster_0274,2,2,0,2,2026-02-06T10:24:00-08:00,2026-02-06T10:25:00-08:00,1.0,2,watch,potential_manipulation,none,0.2815918803418804,True,"[""heuristic_only"", ""low_power"", ""low_support_n""]","[""heuristic""]"
cluster_0836,2,2,1,1,2026-02-05T18:38:00-08:00,2026-02-05T18:39:00-08:00,1.0,2,watch,potential_manipulation,none,0.2815918803418804,True,"[""heuristic_only"", ""low_power"", ""low_support_n""]","[""heuristic""]"
cluster_1164,2,2,2,0,2026-02-05T18:37:00-08:00,2026-02-05T18:38:00-08:00,1.0,2,watch,potential_manipulation,none,0.2815918803418804,True,"[""heuristic_only"", ""low_power"", ""low_support_n""]","[""heuristic""]"
cluster_0671,2,2,2,0,2026-02-06T08:54:00-08:00,2026-02-06T08:56:00-08:00,2.0,2,watch,potential_manipulation,none,0.28145299145299146,True,"[""heuristic_only"", ""low_power"", ""low_support_n""]","[""heuristic""]"
cluster_0676,2,2,0,2,2026-02-05T10:15:00-08:00,2026-02-05T10:17:00-08:00,2.0,2,watch,potential_manipulation,none,0.28145299145299146,True,"[""heuristic_only"", ""low_power"", ""low_support_n""]","[""heuristic""]"
cluster_1014,2,2,0,2,2026-02-03T20:20:00-08:00,2026-02-03T20:22:00-08:00,2.0,2,watch,potential_manipulation,none,0.28145299145299146,True,"[""heuristic_only"", ""low_power"", ""low_support_n""]","[""heuristic""]"
cluster_1130,2,2,0,2,2026-02-04T16:34:00-08:00,2026-02-04T16:36:00-08:00,2.0,2,watch,potential_manipulation,none,0.28145299145299146,True,"[""heuristic_only"", ""low_power"", ""low_support_n""]","[""heuristic""]"
cluster_0385,2,2,0,2,2026-02-05T11:37:00-08:00,2026-02-05T11:40:00-08:00,3.0,2,watch,potential_manipulation,none,0.28131410256410255,True,"[""heuristic_only"", ""low_power"", ""low_support_n""]","[""heuristic""]"
cluster_0694,2,2,1,1,2026-02-06T09:37:00-08:00,2026-02-06T09:40:00-08:00,3.0,2,watch,potential_manipulation,none,0.28131410256410255,True,"[""heuristic_only"", ""low_power"", ""low_support_n""]","[""heuristic""]"
cluster_0331,2,2,0,2,2026-02-05T19:52:00-08:00,2026-02-05T19:57:00-08:00,5.0,2,watch,potential_manipulation,none,0.2810363247863248,True,"[""heuristic_only"", ""low_power"", ""low_support_n""]","[""heuristic""]"
cluster_0296,2,2,0,2,2026-02-04T22:35:00-08:00,2026-02-04T22:41:00-08:00,6.0,2,watch,potential_manipulation,none,0.28089743589743593,True,"[""heuristic_only"", ""low_power"", ""low_support_n""]","[""heuristic""]"
cluster_0243,2,2,0,2,2026-02-04T15:13:00-08:00,2026-02-04T15:21:00-08:00,8.0,2,watch,potential_manipulation,none,0.2806196581196581,True,"[""heuristic_only"", ""low_power"", ""low_support_n""]","[""heuristic""]"
cluster_0793,2,2,0,2,2026-02-05T11:37:00-08:00,2026-02-05T11:46:00-08:00,9.0,2,watch,potential_manipulation,none,0.28048076923076926,True,"[""heuristic_only"", ""low_power"", ""low_support_n""]","[""heuristic""]"
cluster_0875,2,2,0,2,2026-02-06T11:00:00-08:00,2026-02-06T11:10:00-08:00,10.0,2,watch,potential_manipulation,none,0.28034188034188035,True,"[""heuristic_only"", ""low_power"", ""low_support_n""]","[""heuristic""]"
cluster_0827,2,2,0,2,2026-02-06T10:21:00-08:00,2026-02-06T10:32:00-08:00,11.0,2,watch,potential_manipulation,none,0.2802029914529915,True,"[""heuristic_only"", ""low_power"", ""low_support_n""]","[""heuristic""]"
cluster_1103,2,2,2,0,2026-02-05T12:00:00-08:00,2026-02-05T12:11:00-08:00,11.0,2,watch,potential_manipulation,none,0.2802029914529915,True,"[""heuristic_only"", ""low_power"", ""low_support_n""]","[""heuristic""]"
cluster_0319,2,2,1,1,2026-02-05T14:10:00-08:00,2026-02-05T14:23:00-08:00,13.0,2,watch,potential_manipulation,none,0.27992521367521367,True,"[""heuristic_only"", ""low_power"", ""low_support_n""]","[""heuristic""]"
cluster_0351,2,2,0,2,2026-02-06T11:30:00-08:00,2026-02-06T11:44:00-08:00,14.0,2,watch,potential_manipulation,none,0.2797863247863248,True,"[""heuristic_only"", ""low_power"", ""low_support_n""]","[""heuristic""]"
cluster_0440,2,2,2,0,2026-02-06T09:40:00-08:00,2026-02-06T09:58:00-08:00,18.0,2,watch,potential_manipulation,none,0.2792307692307692,True,"[""heuristic_only"", ""low_power"", ""low_support_n""]","[""heuristic""]"
cluster_0857,2,2,0,2,2026-02-06T04:24:00-08:00,2026-02-06T04:43:00-08:00,19.0,2,watch,potential_manipulation,none,0.27909188034188037,True,"[""heuristic_only"", ""low_power"", ""low_support_n""]","[""heuristic""]"
cluster_0053,3,3,1,2,2026-02-06T07:05:00-08:00,2026-02-06T12:19:00-08:00,314.0,3,watch,potential_manipulation,none,0.27898504273504277,True,"[""heuristic_only"", ""low_power"", ""low_support_n""]","[""heuristic""]"
cluster_0150,2,2,0,2,2026-02-05T05:55:00-08:00,2026-02-05T06:15:00-08:00,20.0,2,watch,potential_manipulation,none,0.27895299145299146,True,"[""heuristic_only"", ""low_power"", ""low_support_n""]","[""heuristic""]"
cluster_0558,2,2,0,2,2026-02-05T07:27:00-08:00,2026-02-05T07:47:00-08:00,20.0,2,watch,potential_manipulation,none,0.27895299145299146,True,"[""heuristic_only"", ""low_power"", ""low_support_n""]","[""heuristic""]"
cluster_1161,2,2,0,2,2026-02-06T11:31:00-08:00,2026-02-06T11:51:00-08:00,20.0,2,watch,potential_manipulation,none,0.27895299145299146,True,"[""heuristic_only"", ""low_power"", ""low_support_n""]","[""heuristic""]"
cluster_0431,2,2,0,2,2026-02-04T18:45:00-08:00,2026-02-04T19:08:00-08:00,23.0,2,watch,potential_manipulation,none,0.2785363247863248,True,"[""heuristic_only"", ""low_power"", ""low_support_n""]","[""heuristic""]"
cluster_0348,2,2,0,2,2026-02-06T10:19:00-08:00,2026-02-06T10:44:00-08:00,25.0,2,watch,potential_manipulation,none,0.278258547008547,True,"[""heuristic_only"", ""low_power"", ""low_support_n""]","[""heuristic""]"
cluster_0588,2,2,0,2,2026-02-04T21:12:00-08:00,2026-02-04T21:37:00-08:00,25.0,2,watch,potential_manipulation,none,0.278258547008547,True,"[""heuristic_only"", ""low_power"", ""low_support_n""]","[""heuristic""]"
cluster_0838,2,2,0,2,2026-02-05T05:13:00-08:00,2026-02-05T05:39:00-08:00,26.0,2,watch,potential_manipulation,none,0.2781196581196581,True,"[""heuristic_only"", ""low_power"", ""low_support_n""]","[""heuristic""]"
cluster_0533,2,2,0,2,2026-02-05T04:52:00-08:00,2026-02-05T05:21:00-08:00,29.0,2,watch,potential_manipulation,none,0.27770299145299143,True,"[""heuristic_only"", ""low_power"", ""low_support_n""]","[""heuristic""]"
cluster_0893,2,2,0,2,2026-02-05T13:45:00-08:00,2026-02-05T14:19:00-08:00,34.0,2,watch,potential_manipulation,none,0.277008547008547,True,"[""heuristic_only"", ""low_power"", ""low_support_n""]","[""heuristic""]"
cluster_0649,2,2,0,2,2026-02-06T10:11:00-08:00,2026-02-06T10:46:00-08:00,35.0,2,watch,potential_manipulation,none,0.27686965811965814,True,"[""heuristic_only"", ""low_power"", ""low_support_n""]","[""heuristic""]"
cluster_0424,2,2,2,0,2026-02-05T12:09:00-08:00,2026-02-05T12:46:00-08:00,37.0,2,watch,potential_manipulation,none,0.27659188034188037,True,"[""heuristic_only"", ""low_power"", ""low_support_n""]","[""heuristic""]"
cluster_0553,2,2,0,2,2026-02-05T13:46:00-08:00,2026-02-05T14:26:00-08:00,40.0,2,watch,potential_manipulation,none,0.2761752136752137,True,"[""heuristic_only"", ""low_power"", ""low_support_n""]","[""heuristic""]"
cluster_0435,2,2,2,0,2026-02-04T10:19:00-08:00,2026-02-04T11:00:00-08:00,41.0,2,watch,potential_manipulation,none,0.2760363247863248,True,"[""heuristic_only"", ""low_power"", ""low_support_n""]","[""heuristic""]"
cluster_0702,2,2,0,2,2026-02-04T06:53:00-08:00,2026-02-04T07:35:00-08:00,42.0,2,watch,potential_manipulation,none,0.2758974358974359,True,"[""heuristic_only"", ""low_power"", ""low_support_n""]","[""heuristic""]"
cluster_0952,2,2,0,2,2026-02-05T07:14:00-08:00,2026-02-05T07:59:00-08:00,45.0,2,watch,potential_manipulation,none,0.27548076923076925,True,"[""heuristic_only"", ""low_power"", ""low_support_n""]","[""heuristic""]"
cluster_0703,2,2,0,2,2026-02-04T20:21:00-08:00,2026-02-04T21:09:00-08:00,48.0,2,watch,potential_manipulation,none,0.2750641025641026,True,"[""heuristic_only"", ""low_power"", ""low_support_n""]","[""heuristic""]"
cluster_0734,2,2,1,1,2026-02-05T06:14:00-08:00,2026-02-05T07:06:00-08:00,52.0,2,watch,potential_manipulation,none,0.27450854700854704,True,"[""heuristic_only"", ""low_power"", ""low_support_n""]","[""heuristic""]"
cluster_1066,2,2,0,2,2026-02-05T21:12:00-08:00,2026-02-05T22:04:00-08:00,52.0,2,watch,potential_manipulation,none,0.27450854700854704,True,"[""heuristic_only"", ""low_power"", ""low_support_n""]","[""heuristic""]"
cluster_0212,2,2,1,1,2026-02-06T08:56:00-08:00,2026-02-06T09:50:00-08:00,54.0,2,watch,potential_manipulation,none,0.2742307692307692,True,"[""heuristic_only"", ""low_power"", ""low_support_n""]","[""heuristic""]"
cluster_0524,2,2,0,2,2026-02-04T19:49:00-08:00,2026-02-04T20:47:00-08:00,58.0,2,watch,potential_manipulation,none,0.2736752136752137,True,"[""heuristic_only"", ""low_power"", ""low_support_n""]","[""heuristic""]"
cluster_0928,2,2,0,2,2026-02-04T06:25:00-08:00,2026-02-04T07:24:00-08:00,59.0,2,watch,potential_manipulation,none,0.2735363247863248,True,"[""heuristic_only"", ""low_power"", ""low_support_n""]","[""heuristic""]"
cluster_1131,2,2,2,0,2026-02-05T11:52:00-08:00,2026-02-05T12:53:00-08:00,61.0,2,watch,potential_manipulation,none,0.273258547008547,True,"[""heuristic_only"", ""low_power"", ""low_support_n""]","[""heuristic""]"
cluster_0525,2,2,0,1,2026-02-06T09:10:00-08:00,2026-02-06T10:16:00-08:00,66.0,2,watch,potential_manipulation,none,0.2725641025641026,True,"[""heuristic_only"", ""low_power"", ""low_support_n""]","[""heuristic""]"
cluster_0997,2,2,0,2,2026-02-05T11:11:00-08:00,2026-02-05T12:18:00-08:00,67.0,2,watch,potential_manipulation,none,0.2724252136752137,True,"[""heuristic_only"", ""low_power"", ""low_support_n""]","[""heuristic""]"
cluster_0465,2,2,0,2,2026-02-04T20:33:00-08:00,2026-02-04T21:41:00-08:00,68.0,2,watch,potential_manipulation,none,0.2722863247863248,True,"[""heuristic_only"", ""low_power"", ""low_support_n""]","[""heuristic""]"
cluster_0567,2,2,0,2,2026-02-04T21:17:00-08:00,2026-02-04T22:29:00-08:00,72.0,2,watch,potential_manipulation,none,0.2717307692307692,True,"[""heuristic_only"", ""low_power"", ""low_support_n""]","[""heuristic""]"
cluster_0289,2,3,0,3,2026-02-05T17:49:00-08:00,2026-02-05T19:47:00-08:00,118.0,3,watch,potential_manipulation,none,0.27159188034188037,True,"[""heuristic_only"", ""low_power"", ""low_support_n""]","[""heuristic""]"
cluster_0736,2,2,1,1,2026-02-05T11:28:00-08:00,2026-02-05T12:45:00-08:00,77.0,2,watch,potential_manipulation,none,0.2710363247863248,True,"[""heuristic_only"", ""low_power"", ""low_support_n""]","[""heuristic""]"
cluster_0700,2,3,0,2,2026-02-05T16:51:00-08:00,2026-02-05T18:59:00-08:00,128.0,3,watch,potential_manipulation,none,0.2702029914529915,True,"[""heuristic_only"", ""low_power"", ""low_support_n""]","[""heuristic""]"
cluster_0898,2,2,0,2,2026-02-05T11:31:00-08:00,2026-02-05T12:55:00-08:00,84.0,2,watch,potential_manipulation,none,0.27006410256410257,True,"[""heuristic_only"", ""low_power"", ""low_support_n""]","[""heuristic""]"
cluster_0091,3,4,0,4,2026-02-05T09:41:00-08:00,2026-02-05T16:45:00-08:00,424.0,4,watch,potential_manipulation,none,0.26995726495726496,True,"[""heuristic_only"", ""low_power"", ""low_support_n""]","[""heuristic""]"
cluster_0987,2,2,1,1,2026-02-05T19:33:00-08:00,2026-02-05T20:59:00-08:00,86.0,2,watch,potential_manipulation,none,0.2697863247863248,True,"[""heuristic_only"", ""low_power"", ""low_support_n""]","[""heuristic""]"
cluster_1088,2,2,2,0,2026-02-05T11:42:00-08:00,2026-02-05T13:08:00-08:00,86.0,2,watch,potential_manipulation,none,0.2697863247863248,True,"[""heuristic_only"", ""low_power"", ""low_support_n""]","[""heuristic""]"
cluster_0408,2,2,0,2,2026-02-05T17:07:00-08:00,2026-02-05T18:35:00-08:00,88.0,2,watch,potential_manipulation,none,0.26950854700854704,True,"[""heuristic_only"", ""low_power"", ""low_support_n""]","[""heuristic""]"
cluster_0370,2,2,1,1,2026-02-06T08:59:00-08:00,2026-02-06T10:30:00-08:00,91.0,2,watch,potential_manipulation,none,0.26909188034188036,True,"[""heuristic_only"", ""low_power"", ""low_support_n""]","[""heuristic""]"
cluster_1061,2,2,0,2,2026-02-05T07:28:00-08:00,2026-02-05T08:59:00-08:00,91.0,2,watch,potential_manipulation,none,0.26909188034188036,True,"[""heuristic_only"", ""low_power"", ""low_support_n""]","[""heuristic""]"
cluster_0913,2,2,1,1,2026-02-06T09:54:00-08:00,2026-02-06T11:27:00-08:00,93.0,2,watch,potential_manipulation,none,0.2688141025641026,True,"[""heuristic_only"", ""low_power"", ""low_support_n""]","[""heuristic""]"
cluster_0716,2,2,0,2,2026-02-04T20:47:00-08:00,2026-02-04T22:24:00-08:00,97.0,2,watch,potential_manipulation,none,0.268258547008547,True,"[""heuristic_only"", ""low_power"", ""low_support_n""]","[""heuristic""]"
cluster_0234,2,2,0,2,2026-02-06T10:13:00-08:00,2026-02-06T11:53:00-08:00,100.0,2,watch,potential_manipulation,none,0.26784188034188033,True,"[""heuristic_only"", ""low_power"", ""low_support_n""]","[""heuristic""]"
cluster_1024,2,2,0,2,2026-02-04T15:34:00-08:00,2026-02-04T17:15:00-08:00,101.0,2,watch,potential_manipulation,none,0.2677029914529915,True,"[""heuristic_only"", ""low_power"", ""low_support_n""]","[""heuristic""]"
cluster_0669,2,2,2,0,2026-02-05T17:23:00-08:00,2026-02-05T19:05:00-08:00,102.0,2,watch,potential_manipulation,none,0.26756410256410257,True,"[""heuristic_only"", ""low_power"", ""low_support_n""]","[""heuristic""]"
cluster_0974,2,2,1,1,2026-02-05T19:05:00-08:00,2026-02-05T20:47:00-08:00,102.0,2,watch,potential_manipulation,none,0.26756410256410257,True,"[""heuristic_only"", ""low_power"", ""low_support_n""]","[""heuristic""]"
cluster_1147,2,3,0,3,2026-02-04T19:16:00-08:00,2026-02-04T21:45:00-08:00,149.0,3,watch,potential_manipulation,none,0.2672863247863248,True,"[""heuristic_only"", ""low_power"", ""low_support_n""]","[""heuristic""]"
cluster_0531,2,2,2,0,2026-02-04T08:09:00-08:00,2026-02-04T10:01:00-08:00,112.0,2,watch,potential_manipulation,none,0.2661752136752137,True,"[""heuristic_only"", ""low_power"", ""low_support_n""]","[""heuristic""]"
cluster_0315,2,2,1,1,2026-02-05T08:49:00-08:00,2026-02-05T10:46:00-08:00,117.0,2,watch,potential_manipulation,none,0.26548076923076924,True,"[""heuristic_only"", ""low_power"", ""low_support_n""]","[""heuristic""]"
cluster_0116,3,3,0,3,2026-02-04T12:41:00-08:00,2026-02-04T19:34:00-08:00,413.0,3,watch,potential_manipulation,none,0.2652350427350427,True,"[""heuristic_only"", ""low_power"", ""low_support_n""]","[""heuristic""]"
cluster_0696,2,2,1,1,2026-02-05T13:47:00-08:00,2026-02-05T15:46:00-08:00,119.0,2,watch,potential_manipulation,none,0.2652029914529915,True,"[""heuristic_only"", ""low_power"", ""low_support_n""]","[""heuristic""]"
cluster_1057,2,2,1,1,2026-02-05T08:00:00-08:00,2026-02-05T10:00:00-08:00,120.0,2,watch,potential_manipulation,none,0.26506410256410257,True,"[""heuristic_only"", ""low_power"", ""low_support_n""]","[""heuristic""]"
cluster_0633,2,2,0,2,2026-02-06T06:26:00-08:00,2026-02-06T08:30:00-08:00,124.0,2,watch,potential_manipulation,none,0.26450854700854703,True,"[""heuristic_only"", ""low_power"", ""low_support_n""]","[""heuristic""]"
cluster_0885,2,3,0,3,2026-02-06T09:27:00-08:00,2026-02-06T12:17:00-08:00,170.0,3,watch,potential_manipulation,none,0.2643696581196581,True,"[""heuristic_only"", ""low_power"", ""low_support_n""]","[""heuristic""]"
cluster_0594,2,2,0,2,2026-02-04T18:17:00-08:00,2026-02-04T20:23:00-08:00,126.0,2,watch,potential_manipulation,none,0.2642307692307692,True,"[""heuristic_only"", ""low_power"", ""low_support_n""]","[""heuristic""]"
cluster_0009,6,9,0,9,2026-02-04T05:40:00-08:00,2026-02-06T11:16:00-08:00,3216.0,9,watch,potential_manipulation,none,0.2639423076923077,True,"[""heuristic_only"", ""low_power"", ""low_support_n""]","[""heuristic""]"
cluster_1012,2,2,0,2,2026-02-06T09:45:00-08:00,2026-02-06T11:57:00-08:00,132.0,2,watch,potential_manipulation,none,0.2633974358974359,True,"[""heuristic_only"", ""low_power"", ""low_support_n""]","[""heuristic""]"
cluster_0239,2,2,0,2,2026-02-04T18:45:00-08:00,2026-02-04T20:58:00-08:00,133.0,2,watch,potential_manipulation,none,0.263258547008547,True,"[""heuristic_only"", ""low_power"", ""low_support_n""]","[""heuristic""]"
cluster_0917,2,2,0,2,2026-02-04T20:04:00-08:00,2026-02-04T22:20:00-08:00,136.0,2,watch,potential_manipulation,none,0.26284188034188033,True,"[""heuristic_only"", ""low_power"", ""low_support_n""]","[""heuristic""]"
cluster_0329,2,3,1,2,2026-02-05T06:14:00-08:00,2026-02-05T09:16:00-08:00,182.0,3,watch,potential_manipulation,none,0.2627029914529915,True,"[""heuristic_only"", ""low_power"", ""low_support_n""]","[""heuristic""]"
cluster_0934,2,2,0,2,2026-02-05T06:59:00-08:00,2026-02-05T09:16:00-08:00,137.0,2,watch,potential_manipulation,none,0.2627029914529915,True,"[""heuristic_only"", ""low_power"", ""low_support_n""]","[""heuristic""]"
cluster_1037,2,2,0,2,2026-02-05T18:37:00-08:00,2026-02-05T21:04:00-08:00,147.0,2,watch,potential_manipulation,none,0.2613141025641026,True,"[""heuristic_only"", ""low_power"", ""low_support_n""]","[""heuristic""]"
cluster_0502,2,2,0,2,2026-02-06T07:58:00-08:00,2026-02-06T10:27:00-08:00,149.0,2,watch,potential_manipulation,none,0.2610363247863248,True,"[""heuristic_only"", ""low_power"", ""low_support_n""]","[""heuristic""]"
cluster_0308,2,2,1,1,2026-02-05T06:18:00-08:00,2026-02-05T08:48:00-08:00,150.0,2,watch,potential_manipulation,none,0.2608974358974359,True,"[""heuristic_only"", ""low_power"", ""low_support_n""]","[""heuristic""]"
cluster_0287,2,2,0,2,2026-02-05T16:46:00-08:00,2026-02-05T19:21:00-08:00,155.0,2,watch,potential_manipulation,none,0.2602029914529915,True,"[""heuristic_only"", ""low_power"", ""low_support_n""]","[""heuristic""]"
cluster_1143,2,2,0,2,2026-02-05T04:04:00-08:00,2026-02-05T06:42:00-08:00,158.0,2,watch,potential_manipulation,none,0.2597863247863248,True,"[""heuristic_only"", ""low_power"", ""low_support_n""]","[""heuristic""]"
cluster_0722,2,2,1,1,2026-02-05T17:51:00-08:00,2026-02-05T20:31:00-08:00,160.0,2,watch,potential_manipulation,none,0.25950854700854703,True,"[""heuristic_only"", ""low_power"", ""low_support_n""]","[""heuristic""]"
cluster_1148,2,3,0,3,2026-02-04T17:33:00-08:00,2026-02-04T20:59:00-08:00,206.0,3,watch,potential_manipulation,none,0.2593696581196582,True,"[""heuristic_only"", ""low_power"", ""low_support_n""]","[""heuristic""]"
cluster_0679,2,2,0,2,2026-02-05T09:04:00-08:00,2026-02-05T11:49:00-08:00,165.0,2,watch,potential_manipulation,none,0.2588141025641026,True,"[""heuristic_only"", ""low_power"", ""low_support_n""]","[""heuristic""]"
cluster_0704,2,2,1,1,2026-02-03T18:40:00-08:00,2026-02-03T21:26:00-08:00,166.0,2,watch,potential_manipulation,none,0.2586752136752137,True,"[""heuristic_only"", ""low_power"", ""low_support_n""]","[""heuristic""]"
cluster_0590,2,2,0,2,2026-02-05T05:40:00-08:00,2026-02-05T08:28:00-08:00,168.0,2,watch,potential_manipulation,none,0.2583974358974359,True,"[""heuristic_only"", ""low_power"", ""low_support_n""]","[""heuristic""]"
cluster_0172,2,2,0,2,2026-02-05T17:33:00-08:00,2026-02-05T20:23:00-08:00,170.0,2,watch,potential_manipulation,none,0.25811965811965815,True,"[""heuristic_only"", ""low_power"", ""low_support_n""]","[""heuristic""]"
cluster_0475,2,2,1,1,2026-02-03T19:42:00-08:00,2026-02-03T22:32:00-08:00,170.0,2,watch,potential_manipulation,none,0.25811965811965815,True,"[""heuristic_only"", ""low_power"", ""low_support_n""]","[""heuristic""]"
cluster_0005,6,8,3,5,2026-02-04T10:35:00-08:00,2026-02-06T06:29:00-08:00,2634.0,8,watch,potential_manipulation,none,0.2576923076923077,True,"[""heuristic_only"", ""low_power"", ""low_support_n""]","[""heuristic""]"
cluster_0008,6,8,0,8,2026-02-04T18:56:00-08:00,2026-02-06T11:13:00-08:00,2417.0,8,watch,potential_manipulation,none,0.2576923076923077,True,"[""heuristic_only"", ""low_power"", ""low_support_n""]","[""heuristic""]"
cluster_0380,2,3,0,3,2026-02-05T13:16:00-08:00,2026-02-05T16:57:00-08:00,221.0,3,watch,potential_manipulation,none,0.2572863247863248,True,"[""heuristic_only"", ""low_power"", ""low_support_n""]","[""heuristic""]"
cluster_0801,2,2,1,1,2026-02-05T08:31:00-08:00,2026-02-05T11:27:00-08:00,176.0,2,watch,potential_manipulation,none,0.2572863247863248,True,"[""heuristic_only"", ""low_power"", ""low_support_n""]","[""heuristic""]"
cluster_0353,2,2,1,1,2026-02-05T10:05:00-08:00,2026-02-05T13:03:00-08:00,178.0,2,watch,potential_manipulation,none,0.25700854700854703,True,"[""heuristic_only"", ""low_power"", ""low_support_n""]","[""heuristic""]"
cluster_0247,2,2,0,2,2026-02-06T08:22:00-08:00,2026-02-06T11:24:00-08:00,182.0,2,watch,potential_manipulation,none,0.25645299145299144,True,"[""heuristic_only"", ""low_power"", ""low_support_n""]","[""heuristic""]"
cluster_0688,2,2,0,2,2026-02-04T21:43:00-08:00,2026-02-05T00:45:00-08:00,182.0,2,watch,potential_manipulation,none,0.25645299145299144,True,"[""heuristic_only"", ""low_power"", ""low_support_n""]","[""heuristic""]"
cluster_1135,2,2,0,2,2026-02-05T04:38:00-08:00,2026-02-05T07:42:00-08:00,184.0,2,watch,potential_manipulation,none,0.2561752136752137,True,"[""heuristic_only"", ""low_power"", ""low_support_n""]","[""heuristic""]"
cluster_0657,2,3,1,2,2026-02-05T08:55:00-08:00,2026-02-05T12:45:00-08:00,230.0,3,watch,potential_manipulation,none,0.2560363247863248,True,"[""heuristic_only"", ""low_power"", ""low_support_n""]","[""heuristic""]"
cluster_0067,3,3,0,3,2026-02-05T07:43:00-08:00,2026-02-05T15:46:00-08:00,483.0,3,watch,potential_manipulation,none,0.25551282051282054,True,"[""heuristic_only"", ""low_power"", ""low_support_n""]","[""heuristic""]"
cluster_0445,2,2,1,1,2026-02-05T11:56:00-08:00,2026-02-05T15:05:00-08:00,189.0,2,watch,potential_manipulation,none,0.25548076923076923,True,"[""heuristic_only"", ""low_power"", ""low_support_n""]","[""heuristic""]"
cluster_0473,2,2,0,2,2026-02-04T18:09:00-08:00,2026-02-04T21:19:00-08:00,190.0,2,watch,potential_manipulation,none,0.2553418803418804,True,"[""heuristic_only"", ""low_power"", ""low_support_n""]","[""heuristic""]"
cluster_0750,2,2,0,2,2026-02-05T15:27:00-08:00,2026-02-05T18:37:00-08:00,190.0,2,watch,potential_manipulation,none,0.2553418803418804,True,"[""heuristic_only"", ""low_power"", ""low_support_n""]","[""heuristic""]"
cluster_1166,2,2,0,2,2026-02-04T17:03:00-08:00,2026-02-04T20:13:00-08:00,190.0,2,watch,potential_manipulation,none,0.2553418803418804,True,"[""heuristic_only"", ""low_power"", ""low_support_n""]","[""heuristic""]"
cluster_0167,2,2,0,2,2026-02-04T15:06:00-08:00,2026-02-04T18:18:00-08:00,192.0,2,watch,potential_manipulation,none,0.25506410256410256,True,"[""heuristic_only"", ""low_power"", ""low_support_n""]","[""heuristic""]"
cluster_0677,2,2,0,2,2026-02-05T14:51:00-08:00,2026-02-05T18:03:00-08:00,192.0,2,watch,potential_manipulation,none,0.25506410256410256,True,"[""heuristic_only"", ""low_power"", ""low_support_n""]","[""heuristic""]"
cluster_0623,2,2,1,1,2026-02-05T08:35:00-08:00,2026-02-05T11:50:00-08:00,195.0,2,watch,potential_manipulation,none,0.25464743589743594,True,"[""heuristic_only"", ""low_power"", ""low_support_n""]","[""heuristic""]"
cluster_0242,2,2,2,0,2026-02-05T15:26:00-08:00,2026-02-05T18:42:00-08:00,196.0,2,watch,potential_manipulation,none,0.254508547008547,True,"[""heuristic_only"", ""low_power"", ""low_support_n""]","[""heuristic""]"
cluster_0618,2,2,0,2,2026-02-05T04:21:00-08:00,2026-02-05T07:40:00-08:00,199.0,2,watch,potential_manipulation,none,0.25409188034188035,True,"[""heuristic_only"", ""low_power"", ""low_support_n""]","[""heuristic""]"
cluster_0572,2,2,0,2,2026-02-05T08:10:00-08:00,2026-02-05T11:32:00-08:00,202.0,2,watch,potential_manipulation,none,0.2536752136752137,True,"[""heuristic_only"", ""low_power"", ""low_support_n""]","[""heuristic""]"
cluster_0644,2,2,1,1,2026-02-03T18:14:00-08:00,2026-02-03T21:39:00-08:00,205.0,2,watch,potential_manipulation,none,0.253258547008547,True,"[""heuristic_only"", ""low_power"", ""low_support_n""]","[""heuristic""]"
cluster_0982,2,2,0,2,2026-02-06T07:54:00-08:00,2026-02-06T11:20:00-08:00,206.0,2,watch,potential_manipulation,none,0.25311965811965814,True,"[""heuristic_only"", ""low_power"", ""low_support_n""]","[""heuristic""]"
cluster_0559,2,2,1,1,2026-02-05T08:03:00-08:00,2026-02-05T11:30:00-08:00,207.0,2,watch,potential_manipulation,none,0.25298076923076923,True,"[""heuristic_only"", ""low_power"", ""low_support_n""]","[""heuristic""]"
cluster_0901,2,2,2,0,2026-02-04T06:08:00-08:00,2026-02-04T09:39:00-08:00,211.0,2,watch,potential_manipulation,none,0.2524252136752137,True,"[""heuristic_only"", ""low_power"", ""low_support_n""]","[""heuristic""]"
cluster_1096,2,2,0,2,2026-02-04T17:49:00-08:00,2026-02-04T21:21:00-08:00,212.0,2,watch,potential_manipulation,none,0.2522863247863248,True,"[""heuristic_only"", ""low_power"", ""low_support_n""]","[""heuristic""]"
cluster_0535,2,2,0,2,2026-02-04T17:12:00-08:00,2026-02-04T20:48:00-08:00,216.0,2,watch,potential_manipulation,none,0.25173076923076926,True,"[""heuristic_only"", ""low_power"", ""low_support_n""]","[""heuristic""]"
cluster_0006,6,7,0,7,2026-02-04T21:57:00-08:00,2026-02-05T23:06:00-08:00,1509.0,7,watch,potential_manipulation,none,0.2514423076923077,True,"[""heuristic_only"", ""low_power"", ""low_support_n""]","[""heuristic""]"
cluster_0041,3,3,1,2,2026-02-05T11:17:00-08:00,2026-02-05T19:52:00-08:00,515.0,3,watch,potential_manipulation,none,0.25106837606837606,True,"[""heuristic_only"", ""low_power"", ""low_support_n""]","[""heuristic""]"
cluster_0647,2,2,2,0,2026-02-05T17:13:00-08:00,2026-02-05T20:58:00-08:00,225.0,2,watch,potential_manipulation,none,0.25048076923076923,True,"[""heuristic_only"", ""low_power"", ""low_support_n""]","[""heuristic""]"
cluster_0792,2,2,1,1,2026-02-06T05:29:00-08:00,2026-02-06T09:15:00-08:00,226.0,2,watch,potential_manipulation,none,0.2503418803418804,True,"[""heuristic_only"", ""low_power"", ""low_support_n""]","[""heuristic""]"
cluster_1150,2,2,1,1,2026-02-05T14:57:00-08:00,2026-02-05T18:46:00-08:00,229.0,2,watch,potential_manipulation,none,0.2499252136752137,True,"[""heuristic_only"", ""low_power"", ""low_support_n""]","[""heuristic""]"
cluster_0825,2,2,0,2,2026-02-05T07:57:00-08:00,2026-02-05T11:48:00-08:00,231.0,2,watch,potential_manipulation,none,0.24964743589743596,True,"[""heuristic_only"", ""low_power"", ""low_support_n""]","[""heuristic""]"
cluster_1090,2,2,0,2,2026-02-06T06:48:00-08:00,2026-02-06T10:43:00-08:00,235.0,2,watch,potential_manipulation,none,0.24909188034188037,True,"[""heuristic_only"", ""low_power"", ""low_support_n""]","[""heuristic""]"
cluster_0292,2,2,0,2,2026-02-05T09:29:00-08:00,2026-02-05T13:32:00-08:00,243.0,2,watch,potential_manipulation,none,0.24798076923076923,True,"[""heuristic_only"", ""low_power"", ""low_support_n""]","[""heuristic""]"
cluster_0674,2,2,0,2,2026-02-05T04:28:00-08:00,2026-02-05T08:33:00-08:00,245.0,2,watch,potential_manipulation,none,0.24770299145299143,True,"[""heuristic_only"", ""low_power"", ""low_support_n""]","[""heuristic""]"
cluster_0871,2,3,0,3,2026-02-05T16:40:00-08:00,2026-02-05T21:32:00-08:00,292.0,3,watch,potential_manipulation,none,0.2474252136752137,True,"[""heuristic_only"", ""low_power"", ""low_support_n""]","[""heuristic""]"
cluster_0263,2,2,2,0,2026-02-05T09:38:00-08:00,2026-02-05T13:45:00-08:00,247.0,2,watch,potential_manipulation,none,0.2474252136752137,True,"[""heuristic_only"", ""low_power"", ""low_support_n""]","[""heuristic""]"
cluster_0482,2,2,0,2,2026-02-06T06:44:00-08:00,2026-02-06T10:51:00-08:00,247.0,2,watch,potential_manipulation,none,0.2474252136752137,True,"[""heuristic_only"", ""low_power"", ""low_support_n""]","[""heuristic""]"
cluster_0961,2,2,0,2,2026-02-06T04:50:00-08:00,2026-02-06T08:57:00-08:00,247.0,2,watch,potential_manipulation,none,0.2474252136752137,True,"[""heuristic_only"", ""low_power"", ""low_support_n""]","[""heuristic""]"
cluster_0270,2,3,0,3,2026-02-05T16:35:00-08:00,2026-02-05T21:28:00-08:00,293.0,3,watch,potential_manipulation,none,0.24728632478632478,True,"[""heuristic_only"", ""low_power"", ""low_support_n""]","[""heuristic""]"
cluster_0411,2,2,0,2,2026-02-05T10:37:00-08:00,2026-02-05T14:47:00-08:00,250.0,2,watch,potential_manipulation,none,0.24700854700854702,True,"[""heuristic_only"", ""low_power"", ""low_support_n""]","[""heuristic""]"
cluster_0554,2,2,1,1,2026-02-04T11:53:00-08:00,2026-02-04T16:04:00-08:00,251.0,2,watch,potential_manipulation,none,0.24686965811965816,True,"[""heuristic_only"", ""low_power"", ""low_support_n""]","[""heuristic""]"
cluster_0826,2,2,0,2,2026-02-05T14:37:00-08:00,2026-02-05T18:49:00-08:00,252.0,2,watch,potential_manipulation,none,0.24673076923076923,True,"[""heuristic_only"", ""low_power"", ""low_support_n""]","[""heuristic""]"
cluster_0565,2,2,0,2,2026-02-06T07:03:00-08:00,2026-02-06T11:17:00-08:00,254.0,2,watch,potential_manipulation,none,0.24645299145299143,True,"[""heuristic_only"", ""low_power"", ""low_support_n""]","[""heuristic""]"
cluster_1105,2,2,0,2,2026-02-05T17:17:00-08:00,2026-02-05T21:31:00-08:00,254.0,2,watch,potential_manipulation,none,0.24645299145299143,True,"[""heuristic_only"", ""low_power"", ""low_support_n""]","[""heuristic""]"
cluster_0921,2,2,0,2,2026-02-05T09:08:00-08:00,2026-02-05T13:24:00-08:00,256.0,2,watch,potential_manipulation,none,0.24617521367521364,True,"[""heuristic_only"", ""low_power"", ""low_support_n""]","[""heuristic""]"
cluster_0415,2,2,1,1,2026-02-04T15:42:00-08:00,2026-02-04T20:00:00-08:00,258.0,2,watch,potential_manipulation,none,0.2458974358974359,True,"[""heuristic_only"", ""low_power"", ""low_support_n""]","[""heuristic""]"
cluster_0904,2,2,0,2,2026-02-05T07:45:00-08:00,2026-02-05T12:05:00-08:00,260.0,2,watch,potential_manipulation,none,0.24561965811965816,True,"[""heuristic_only"", ""low_power"", ""low_support_n""]","[""heuristic""]"
cluster_0163,2,2,1,1,2026-02-05T08:23:00-08:00,2026-02-05T12:48:00-08:00,265.0,2,watch,potential_manipulation,none,0.2449252136752137,True,"[""heuristic_only"", ""low_power"", ""low_support_n""]","[""heuristic""]"
cluster_0441,2,2,0,2,2026-02-05T07:43:00-08:00,2026-02-05T12:10:00-08:00,267.0,2,watch,potential_manipulation,none,0.24464743589743596,True,"[""heuristic_only"", ""low_power"", ""low_support_n""]","[""heuristic""]"
cluster_0593,2,2,0,2,2026-02-05T09:34:00-08:00,2026-02-05T14:02:00-08:00,268.0,2,watch,potential_manipulation,none,0.24450854700854702,True,"[""heuristic_only"", ""low_power"", ""low_support_n""]","[""heuristic""]"
cluster_0877,2,2,1,1,2026-02-04T00:36:00-08:00,2026-02-04T05:06:00-08:00,270.0,2,watch,potential_manipulation,none,0.24423076923076922,True,"[""heuristic_only"", ""low_power"", ""low_support_n""]","[""heuristic""]"
cluster_0279,2,2,0,2,2026-02-05T08:47:00-08:00,2026-02-05T13:19:00-08:00,272.0,2,watch,potential_manipulation,none,0.24395299145299149,True,"[""heuristic_only"", ""low_power"", ""low_support_n""]","[""heuristic""]"
cluster_0757,2,2,0,2,2026-02-05T14:19:00-08:00,2026-02-05T18:55:00-08:00,276.0,2,watch,potential_manipulation,none,0.2433974358974359,True,"[""heuristic_only"", ""low_power"", ""low_support_n""]","[""heuristic""]"
cluster_0861,2,2,1,1,2026-02-04T17:15:00-08:00,2026-02-04T21:51:00-08:00,276.0,2,watch,potential_manipulation,none,0.2433974358974359,True,"[""heuristic_only"", ""low_power"", ""low_support_n""]","[""heuristic""]"
cluster_0905,2,2,0,2,2026-02-05T15:35:00-08:00,2026-02-05T20:12:00-08:00,277.0,2,watch,potential_manipulation,none,0.24325854700854702,True,"[""heuristic_only"", ""low_power"", ""low_support_n""]","[""heuristic""]"
cluster_1043,2,2,1,1,2026-02-04T14:23:00-08:00,2026-02-04T19:03:00-08:00,280.0,2,watch,potential_manipulation,none,0.24284188034188037,True,"[""heuristic_only"", ""low_power"", ""low_support_n""]","[""heuristic""]"
cluster_0214,2,2,1,1,2026-02-05T17:02:00-08:00,2026-02-05T21:43:00-08:00,281.0,2,watch,potential_manipulation,none,0.24270299145299143,True,"[""heuristic_only"", ""low_power"", ""low_support_n""]","[""heuristic""]"
cluster_1060,2,2,1,1,2026-02-06T06:51:00-08:00,2026-02-06T11:40:00-08:00,289.0,2,watch,potential_manipulation,none,0.24159188034188037,True,"[""heuristic_only"", ""low_power"", ""low_support_n""]","[""heuristic""]"
cluster_1116,2,2,0,2,2026-02-05T15:22:00-08:00,2026-02-05T20:11:00-08:00,289.0,2,watch,potential_manipulation,none,0.24159188034188037,True,"[""heuristic_only"", ""low_power"", ""low_support_n""]","[""heuristic""]"
cluster_0619,2,2,0,2,2026-02-04T16:03:00-08:00,2026-02-04T20:54:00-08:00,291.0,2,watch,potential_manipulation,none,0.24131410256410257,True,"[""heuristic_only"", ""low_power"", ""low_support_n""]","[""heuristic""]"
cluster_0958,2,2,0,2,2026-02-05T09:22:00-08:00,2026-02-05T14:13:00-08:00,291.0,2,watch,potential_manipulation,none,0.24131410256410257,True,"[""heuristic_only"", ""low_power"", ""low_support_n""]","[""heuristic""]"
cluster_0285,2,3,0,3,2026-02-04T16:53:00-08:00,2026-02-04T22:34:00-08:00,341.0,3,watch,potential_manipulation,none,0.24061965811965816,True,"[""heuristic_only"", ""low_power"", ""low_support_n""]","[""heuristic""]"
cluster_0566,2,2,0,2,2026-02-04T10:20:00-08:00,2026-02-04T15:18:00-08:00,298.0,2,watch,potential_manipulation,none,0.24034188034188037,True,"[""heuristic_only"", ""low_power"", ""low_support_n""]","[""heuristic""]"
cluster_0469,2,2,0,2,2026-02-05T16:23:00-08:00,2026-02-05T21:24:00-08:00,301.0,2,watch,potential_manipulation,none,0.2399252136752137,True,"[""heuristic_only"", ""low_power"", ""low_support_n""]","[""heuristic""]"
cluster_0717,2,2,0,2,2026-02-06T01:41:00-08:00,2026-02-06T06:42:00-08:00,301.0,2,watch,potential_manipulation,none,0.2399252136752137,True,"[""heuristic_only"", ""low_power"", ""low_support_n""]","[""heuristic""]"
cluster_1137,2,2,2,0,2026-02-05T12:00:00-08:00,2026-02-05T17:03:00-08:00,303.0,2,watch,potential_manipulation,none,0.23964743589743595,True,"[""heuristic_only"", ""low_power"", ""low_support_n""]","[""heuristic""]"
cluster_0449,2,2,1,1,2026-02-05T14:26:00-08:00,2026-02-05T19:31:00-08:00,305.0,2,watch,potential_manipulation,none,0.2393696581196581,True,"[""heuristic_only"", ""low_power"", ""low_support_n""]","[""heuristic""]"
cluster_0143,3,4,0,4,2026-02-05T10:49:00-08:00,2026-02-05T21:35:00-08:00,646.0,4,watch,potential_manipulation,none,0.23912393162393164,True,"[""heuristic_only"", ""low_power"", ""low_support_n""]","[""heuristic""]"
cluster_0870,2,2,0,2,2026-02-04T15:09:00-08:00,2026-02-04T20:19:00-08:00,310.0,2,watch,potential_manipulation,none,0.23867521367521363,True,"[""heuristic_only"", ""low_power"", ""low_support_n""]","[""heuristic""]"
cluster_0727,2,2,1,1,2026-02-05T14:42:00-08:00,2026-02-05T19:53:00-08:00,311.0,2,watch,potential_manipulation,none,0.2385363247863248,True,"[""heuristic_only"", ""low_power"", ""low_support_n""]","[""heuristic""]"
cluster_0317,2,2,0,2,2026-02-05T15:35:00-08:00,2026-02-05T20:47:00-08:00,312.0,2,watch,potential_manipulation,none,0.2383974358974359,True,"[""heuristic_only"", ""low_power"", ""low_support_n""]","[""heuristic""]"
cluster_1156,2,2,0,2,2026-02-05T04:28:00-08:00,2026-02-05T09:42:00-08:00,314.0,2,watch,potential_manipulation,none,0.23811965811965816,True,"[""heuristic_only"", ""low_power"", ""low_support_n""]","[""heuristic""]"
cluster_0335,2,2,0,2,2026-02-04T14:59:00-08:00,2026-02-04T20:15:00-08:00,316.0,2,watch,potential_manipulation,none,0.23784188034188036,True,"[""heuristic_only"", ""low_power"", ""low_support_n""]","[""heuristic""]"
cluster_0276,2,2,1,1,2026-02-05T08:33:00-08:00,2026-02-05T13:50:00-08:00,317.0,2,watch,potential_manipulation,none,0.23770299145299142,True,"[""heuristic_only"", ""low_power"", ""low_support_n""]","[""heuristic""]"
cluster_0226,2,2,0,2,2026-02-04T08:21:00-08:00,2026-02-04T13:41:00-08:00,320.0,2,watch,potential_manipulation,none,0.23728632478632478,True,"[""heuristic_only"", ""low_power"", ""low_support_n""]","[""heuristic""]"
cluster_0260,2,2,2,0,2026-02-05T15:59:00-08:00,2026-02-05T21:19:00-08:00,320.0,2,watch,potential_manipulation,none,0.23728632478632478,True,"[""heuristic_only"", ""low_power"", ""low_support_n""]","[""heuristic""]"
cluster_0464,2,2,2,0,2026-02-04T09:42:00-08:00,2026-02-04T15:02:00-08:00,320.0,2,watch,potential_manipulation,none,0.23728632478632478,True,"[""heuristic_only"", ""low_power"", ""low_support_n""]","[""heuristic""]"
cluster_0183,2,2,0,2,2026-02-04T09:29:00-08:00,2026-02-04T14:56:00-08:00,327.0,2,watch,potential_manipulation,none,0.23631410256410257,True,"[""heuristic_only"", ""low_power"", ""low_support_n""]","[""heuristic""]"
cluster_0406,2,4,1,3,2026-02-05T11:22:00-08:00,2026-02-05T18:20:00-08:00,418.0,4,watch,potential_manipulation,none,0.23617521367521363,True,"[""heuristic_only"", ""low_power"", ""low_support_n""]","[""heuristic""]"
cluster_0345,2,3,0,3,2026-02-05T11:08:00-08:00,2026-02-05T17:23:00-08:00,375.0,3,watch,potential_manipulation,none,0.2358974358974359,True,"[""heuristic_only"", ""low_power"", ""low_support_n""]","[""heuristic""]"
cluster_1006,2,3,0,3,2026-02-05T17:05:00-08:00,2026-02-05T23:28:00-08:00,383.0,3,watch,potential_manipulation,none,0.23478632478632477,True,"[""heuristic_only"", ""low_power"", ""low_support_n""]","[""heuristic""]"
cluster_0311,2,2,0,2,2026-02-04T15:32:00-08:00,2026-02-04T21:13:00-08:00,341.0,2,watch,potential_manipulation,none,0.23436965811965815,True,"[""heuristic_only"", ""low_power"", ""low_support_n""]","[""heuristic""]"
cluster_0892,2,2,0,2,2026-02-05T14:27:00-08:00,2026-02-05T20:10:00-08:00,343.0,2,watch,potential_manipulation,none,0.2340918803418804,True,"[""heuristic_only"", ""low_power"", ""low_support_n""]","[""heuristic""]"
cluster_1125,2,3,0,3,2026-02-05T08:18:00-08:00,2026-02-05T14:47:00-08:00,389.0,3,watch,potential_manipulation,none,0.23395299145299148,True,"[""heuristic_only"", ""low_power"", ""low_support_n""]","[""heuristic""]"
cluster_1031,2,2,0,2,2026-02-05T10:18:00-08:00,2026-02-05T16:03:00-08:00,345.0,2,watch,potential_manipulation,none,0.23381410256410257,True,"[""heuristic_only"", ""low_power"", ""low_support_n""]","[""heuristic""]"
cluster_0658,2,2,0,2,2026-02-04T06:53:00-08:00,2026-02-04T12:39:00-08:00,346.0,2,watch,potential_manipulation,none,0.23367521367521363,True,"[""heuristic_only"", ""low_power"", ""low_support_n""]","[""heuristic""]"
cluster_0420,2,2,0,2,2026-02-05T07:20:00-08:00,2026-02-05T13:07:00-08:00,347.0,2,watch,potential_manipulation,none,0.2335363247863248,True,"[""heuristic_only"", ""low_power"", ""low_support_n""]","[""heuristic""]"
cluster_0940,2,2,0,2,2026-02-05T15:01:00-08:00,2026-02-05T20:49:00-08:00,348.0,2,watch,potential_manipulation,none,0.2333974358974359,True,"[""heuristic_only"", ""low_power"", ""low_support_n""]","[""heuristic""]"
cluster_0228,2,2,1,1,2026-02-05T15:08:00-08:00,2026-02-05T20:57:00-08:00,349.0,2,watch,potential_manipulation,none,0.233258547008547,True,"[""heuristic_only"", ""low_power"", ""low_support_n""]","[""heuristic""]"
cluster_0399,2,2,1,1,2026-02-04T09:20:00-08:00,2026-02-04T15:14:00-08:00,354.0,2,watch,potential_manipulation,none,0.2325641025641026,True,"[""heuristic_only"", ""low_power"", ""low_support_n""]","[""heuristic""]"
cluster_0596,2,2,1,1,2026-02-04T16:01:00-08:00,2026-02-04T21:55:00-08:00,354.0,2,watch,potential_manipulation,none,0.2325641025641026,True,"[""heuristic_only"", ""low_power"", ""low_support_n""]","[""heuristic""]"
cluster_0768,2,2,1,1,2026-02-05T10:01:00-08:00,2026-02-05T16:02:00-08:00,361.0,2,watch,potential_manipulation,none,0.23159188034188036,True,"[""heuristic_only"", ""low_power"", ""low_support_n""]","[""heuristic""]"
cluster_0803,2,2,0,2,2026-02-04T16:47:00-08:00,2026-02-04T22:49:00-08:00,362.0,2,watch,potential_manipulation,none,0.23145299145299147,True,"[""heuristic_only"", ""low_power"", ""low_support_n""]","[""heuristic""]"
cluster_0541,2,2,0,2,2026-02-05T08:34:00-08:00,2026-02-05T14:39:00-08:00,365.0,2,watch,potential_manipulation,none,0.2310363247863248,True,"[""heuristic_only"", ""low_power"", ""low_support_n""]","[""heuristic""]"
cluster_0906,2,2,0,2,2026-02-04T10:07:00-08:00,2026-02-04T16:13:00-08:00,366.0,2,watch,potential_manipulation,none,0.2308974358974359,True,"[""heuristic_only"", ""low_power"", ""low_support_n""]","[""heuristic""]"
cluster_0600,2,2,0,2,2026-02-05T12:09:00-08:00,2026-02-05T18:19:00-08:00,370.0,2,watch,potential_manipulation,none,0.23034188034188036,True,"[""heuristic_only"", ""low_power"", ""low_support_n""]","[""heuristic""]"
cluster_0011,5,9,3,6,2026-02-03T20:25:00-08:00,2026-02-06T10:14:00-08:00,3709.0,9,watch,potential_manipulation,none,0.22932692307692307,True,"[""heuristic_only"", ""low_power"", ""low_support_n""]","[""heuristic""]"
cluster_0556,2,2,0,2,2026-02-05T11:16:00-08:00,2026-02-05T17:36:00-08:00,380.0,2,watch,potential_manipulation,none,0.22895299145299147,True,"[""heuristic_only"", ""low_power"", ""low_support_n""]","[""heuristic""]"
cluster_0474,2,3,0,3,2026-02-05T11:37:00-08:00,2026-02-05T18:44:00-08:00,427.0,3,watch,potential_manipulation,none,0.22867521367521373,True,"[""heuristic_only"", ""low_power"", ""low_support_n""]","[""heuristic""]"
cluster_0729,2,2,2,0,2026-02-05T11:44:00-08:00,2026-02-05T18:17:00-08:00,393.0,2,watch,potential_manipulation,none,0.22714743589743594,True,"[""heuristic_only"", ""low_power"", ""low_support_n""]","[""heuristic""]"
cluster_0895,2,2,1,1,2026-02-05T12:57:00-08:00,2026-02-05T19:30:00-08:00,393.0,2,watch,potential_manipulation,none,0.22714743589743594,True,"[""heuristic_only"", ""low_power"", ""low_support_n""]","[""heuristic""]"
cluster_0341,2,2,1,1,2026-02-05T13:13:00-08:00,2026-02-05T19:49:00-08:00,396.0,2,watch,potential_manipulation,none,0.2267307692307692,True,"[""heuristic_only"", ""low_power"", ""low_support_n""]","[""heuristic""]"
cluster_1010,2,2,0,2,2026-02-06T04:42:00-08:00,2026-02-06T11:25:00-08:00,403.0,2,watch,potential_manipulation,none,0.225758547008547,True,"[""heuristic_only"", ""low_power"", ""low_support_n""]","[""heuristic""]"
cluster_0841,2,2,0,2,2026-02-05T08:42:00-08:00,2026-02-05T15:28:00-08:00,406.0,2,watch,potential_manipulation,none,0.22534188034188035,True,"[""heuristic_only"", ""low_power"", ""low_support_n""]","[""heuristic""]"
cluster_0842,2,2,1,1,2026-02-05T07:27:00-08:00,2026-02-05T14:15:00-08:00,408.0,2,watch,potential_manipulation,none,0.22506410256410259,True,"[""heuristic_only"", ""low_power"", ""low_support_n""]","[""heuristic""]"
cluster_0522,2,2,0,2,2026-02-05T12:08:00-08:00,2026-02-05T18:57:00-08:00,409.0,2,watch,potential_manipulation,none,0.22492521367521368,True,"[""heuristic_only"", ""low_power"", ""low_support_n""]","[""heuristic""]"
cluster_0988,2,2,1,1,2026-02-04T12:26:00-08:00,2026-02-04T19:27:00-08:00,421.0,2,watch,potential_manipulation,none,0.223258547008547,True,"[""heuristic_only"", ""low_power"", ""low_support_n""]","[""heuristic""]"
cluster_1158,2,2,0,2,2026-02-04T13:37:00-08:00,2026-02-04T20:38:00-08:00,421.0,2,watch,potential_manipulation,none,0.223258547008547,True,"[""heuristic_only"", ""low_power"", ""low_support_n""]","[""heuristic""]"
cluster_0013,5,8,1,7,2026-02-04T13:22:00-08:00,2026-02-06T10:14:00-08:00,2692.0,8,watch,potential_manipulation,none,0.22307692307692306,True,"[""heuristic_only"", ""low_power"", ""low_support_n""]","[""heuristic""]"
cluster_0020,5,8,1,7,2026-02-04T15:25:00-08:00,2026-02-06T12:10:00-08:00,2685.0,8,watch,potential_manipulation,none,0.22307692307692306,True,"[""heuristic_only"", ""low_power"", ""low_support_n""]","[""heuristic""]"
cluster_0225,2,2,1,1,2026-02-05T07:49:00-08:00,2026-02-05T14:54:00-08:00,425.0,2,watch,potential_manipulation,none,0.22270299145299152,True,"[""heuristic_only"", ""low_power"", ""low_support_n""]","[""heuristic""]"
cluster_0989,2,2,2,0,2026-02-05T23:18:00-08:00,2026-02-06T06:25:00-08:00,427.0,2,watch,potential_manipulation,none,0.22242521367521367,True,"[""heuristic_only"", ""low_power"", ""low_support_n""]","[""heuristic""]"
cluster_1149,2,2,1,1,2026-02-05T13:16:00-08:00,2026-02-05T20:28:00-08:00,432.0,2,watch,potential_manipulation,none,0.2217307692307692,True,"[""heuristic_only"", ""low_power"", ""low_support_n""]","[""heuristic""]"
cluster_0050,3,3,1,2,2026-02-04T21:19:00-08:00,2026-02-05T09:31:00-08:00,732.0,3,watch,potential_manipulation,none,0.22092948717948716,True,"[""heuristic_only"", ""low_power"", ""low_support_n""]","[""heuristic""]"
cluster_0821,2,2,1,1,2026-02-04T02:14:00-08:00,2026-02-04T09:37:00-08:00,443.0,2,watch,potential_manipulation,none,0.2202029914529914,True,"[""heuristic_only"", ""low_power"", ""low_support_n""]","[""heuristic""]"
cluster_0820,2,2,1,1,2026-02-04T22:23:00-08:00,2026-02-05T05:48:00-08:00,445.0,2,watch,potential_manipulation,none,0.21992521367521367,True,"[""heuristic_only"", ""low_power"", ""low_support_n""]","[""heuristic""]"
cluster_0161,2,2,1,1,2026-02-05T06:52:00-08:00,2026-02-05T14:19:00-08:00,447.0,2,watch,potential_manipulation,none,0.21964743589743593,True,"[""heuristic_only"", ""low_power"", ""low_support_n""]","[""heuristic""]"
cluster_0051,3,3,0,3,2026-02-05T05:50:00-08:00,2026-02-05T18:13:00-08:00,743.0,3,watch,potential_manipulation,none,0.21940170940170936,True,"[""heuristic_only"", ""low_power"", ""low_support_n""]","[""heuristic""]"
cluster_0993,2,2,1,1,2026-02-05T05:50:00-08:00,2026-02-05T13:19:00-08:00,449.0,2,watch,potential_manipulation,none,0.21936965811965814,True,"[""heuristic_only"", ""low_power"", ""low_support_n""]","[""heuristic""]"
cluster_0812,2,2,0,2,2026-02-05T16:59:00-08:00,2026-02-06T00:33:00-08:00,454.0,2,watch,potential_manipulation,none,0.21867521367521373,True,"[""heuristic_only"", ""low_power"", ""low_support_n""]","[""heuristic""]"
cluster_0255,2,2,1,1,2026-02-05T13:26:00-08:00,2026-02-05T21:01:00-08:00,455.0,2,watch,potential_manipulation,none,0.2185363247863248,True,"[""heuristic_only"", ""low_power"", ""low_support_n""]","[""heuristic""]"
cluster_0134,3,4,0,4,2026-02-04T19:32:00-08:00,2026-02-05T08:51:00-08:00,799.0,4,watch,potential_manipulation,none,0.21787393162393168,True,"[""heuristic_only"", ""low_power"", ""low_support_n""]","[""heuristic""]"
cluster_0705,2,2,0,2,2026-02-04T20:34:00-08:00,2026-02-05T04:14:00-08:00,460.0,2,watch,potential_manipulation,none,0.21784188034188035,True,"[""heuristic_only"", ""low_power"", ""low_support_n""]","[""heuristic""]"
cluster_0501,2,5,3,2,2026-02-05T10:29:00-08:00,2026-02-05T20:26:00-08:00,597.0,5,watch,potential_manipulation,none,0.21756410256410258,True,"[""heuristic_only"", ""low_power"", ""low_support_n""]","[""heuristic""]"
cluster_0170,2,2,1,1,2026-02-05T22:00:00-08:00,2026-02-06T05:42:00-08:00,462.0,2,watch,potential_manipulation,none,0.21756410256410258,True,"[""heuristic_only"", ""low_power"", ""low_support_n""]","[""heuristic""]"
cluster_1124,2,2,0,2,2026-02-05T06:20:00-08:00,2026-02-05T14:06:00-08:00,466.0,2,watch,potential_manipulation,none,0.21700854700854705,True,"[""heuristic_only"", ""low_power"", ""low_support_n""]","[""heuristic""]"
cluster_0012,5,7,1,6,2026-02-04T16:14:00-08:00,2026-02-06T10:49:00-08:00,2555.0,7,watch,potential_manipulation,none,0.21682692307692306,True,"[""heuristic_only"", ""low_power"", ""low_support_n""]","[""heuristic""]"
cluster_0016,5,7,1,6,2026-02-04T18:43:00-08:00,2026-02-06T10:02:00-08:00,2359.0,7,watch,potential_manipulation,none,0.21682692307692306,True,"[""heuristic_only"", ""low_power"", ""low_support_n""]","[""heuristic""]"
cluster_0273,2,2,0,2,2026-02-04T20:29:00-08:00,2026-02-05T04:21:00-08:00,472.0,2,watch,potential_manipulation,none,0.21617521367521372,True,"[""heuristic_only"", ""low_power"", ""low_support_n""]","[""heuristic""]"
cluster_0439,2,2,1,1,2026-02-06T00:50:00-08:00,2026-02-06T08:45:00-08:00,475.0,2,watch,potential_manipulation,none,0.215758547008547,True,"[""heuristic_only"", ""low_power"", ""low_support_n""]","[""heuristic""]"
cluster_0699,2,2,1,1,2026-02-05T09:13:00-08:00,2026-02-05T17:15:00-08:00,482.0,2,watch,potential_manipulation,none,0.21478632478632478,True,"[""heuristic_only"", ""low_power"", ""low_support_n""]","[""heuristic""]"
cluster_0493,2,2,0,2,2026-02-04T15:30:00-08:00,2026-02-04T23:34:00-08:00,484.0,2,watch,potential_manipulation,none,0.214508547008547,True,"[""heuristic_only"", ""low_power"", ""low_support_n""]","[""heuristic""]"
cluster_0761,2,3,0,3,2026-02-05T02:21:00-08:00,2026-02-05T11:15:00-08:00,534.0,3,watch,potential_manipulation,none,0.21381410256410255,True,"[""heuristic_only"", ""low_power"", ""low_support_n""]","[""heuristic""]"
cluster_0427,2,2,0,2,2026-02-05T12:12:00-08:00,2026-02-05T20:21:00-08:00,489.0,2,watch,potential_manipulation,none,0.21381410256410255,True,"[""heuristic_only"", ""low_power"", ""low_support_n""]","[""heuristic""]"
cluster_0402,2,2,0,2,2026-02-05T08:08:00-08:00,2026-02-05T16:22:00-08:00,494.0,2,watch,potential_manipulation,none,0.21311965811965813,True,"[""heuristic_only"", ""low_power"", ""low_support_n""]","[""heuristic""]"
cluster_0614,2,2,0,2,2026-02-04T09:22:00-08:00,2026-02-04T17:37:00-08:00,495.0,2,watch,potential_manipulation,none,0.21298076923076925,True,"[""heuristic_only"", ""low_power"", ""low_support_n""]","[""heuristic""]"
cluster_0323,2,3,0,3,2026-02-05T17:16:00-08:00,2026-02-06T02:19:00-08:00,543.0,3,watch,potential_manipulation,none,0.21256410256410257,True,"[""heuristic_only"", ""low_power"", ""low_support_n""]","[""heuristic""]"
cluster_0196,2,2,1,1,2026-02-04T16:00:00-08:00,2026-02-05T00:19:00-08:00,499.0,2,watch,potential_manipulation,none,0.21242521367521366,True,"[""heuristic_only"", ""low_power"", ""low_support_n""]","[""heuristic""]"
cluster_0900,2,2,2,0,2026-02-05T23:40:00-08:00,2026-02-06T08:01:00-08:00,501.0,2,watch,potential_manipulation,none,0.21214743589743593,True,"[""heuristic_only"", ""low_power"", ""low_support_n""]","[""heuristic""]"
cluster_0529,2,2,1,1,2026-02-04T21:53:00-08:00,2026-02-05T06:22:00-08:00,509.0,2,watch,potential_manipulation,none,0.21103632478632478,True,"[""heuristic_only"", ""low_power"", ""low_support_n""]","[""heuristic""]"
cluster_0158,2,2,0,2,2026-02-04T10:36:00-08:00,2026-02-04T19:07:00-08:00,511.0,2,watch,potential_manipulation,none,0.210758547008547,True,"[""heuristic_only"", ""low_power"", ""low_support_n""]","[""heuristic""]"
cluster_0015,5,6,3,3,2026-02-05T06:00:00-08:00,2026-02-06T11:04:00-08:00,1744.0,6,watch,potential_manipulation,none,0.2105769230769231,True,"[""heuristic_only"", ""low_power"", ""low_support_n""]","[""heuristic""]"
cluster_0017,5,6,0,6,2026-02-03T23:20:00-08:00,2026-02-06T12:26:00-08:00,3666.0,6,watch,potential_manipulation,none,0.2105769230769231,True,"[""heuristic_only"", ""low_power"", ""low_support_n""]","[""heuristic""]"
cluster_0018,5,6,0,6,2026-02-04T03:45:00-08:00,2026-02-06T08:02:00-08:00,3137.0,6,watch,potential_manipulation,none,0.2105769230769231,True,"[""heuristic_only"", ""low_power"", ""low_support_n""]","[""heuristic""]"
cluster_0021,5,6,2,4,2026-02-04T08:32:00-08:00,2026-02-06T10:22:00-08:00,2990.0,6,watch,potential_manipulation,none,0.2105769230769231,True,"[""heuristic_only"", ""low_power"", ""low_support_n""]","[""heuristic""]"
cluster_0713,2,2,0,2,2026-02-04T21:09:00-08:00,2026-02-05T05:42:00-08:00,513.0,2,watch,potential_manipulation,none,0.21048076923076925,True,"[""heuristic_only"", ""low_power"", ""low_support_n""]","[""heuristic""]"
cluster_0267,2,2,0,2,2026-02-04T12:08:00-08:00,2026-02-04T20:42:00-08:00,514.0,2,watch,potential_manipulation,none,0.21034188034188034,True,"[""heuristic_only"", ""low_power"", ""low_support_n""]","[""heuristic""]"
